Timestamp,Temperature_C,Time_ms
31-Jan-2026 23:52:53,1.94,0
31-Jan-2026 23:52:53,3.87,500
31-Jan-2026 23:52:54,5.82,1000
31-Jan-2026 23:52:54,7.78,1500
31-Jan-2026 23:52:55,9.73,2000
31-Jan-2026 23:52:55,11.67,2500
31-Jan-2026 23:52:56,13.63,3000
31-Jan-2026 23:52:56,15.57,3500
31-Jan-2026 23:52:57,17.52,4000
31-Jan-2026 23:52:57,19.47,4500
31-Jan-2026 23:52:58,19.46,5000
31-Jan-2026 23:52:58,19.47,5500
31-Jan-2026 23:52:59,19.45,6000
31-Jan-2026 23:52:59,19.44,6500
31-Jan-2026 23:53:00,19.41,7000
31-Jan-2026 23:53:00,19.41,7500
31-Jan-2026 23:53:01,19.35,8000
31-Jan-2026 23:53:01,19.35,8500
31-Jan-2026 23:53:02,19.36,9000
31-Jan-2026 23:53:02,19.33,9500
31-Jan-2026 23:53:03,19.32,10000
31-Jan-2026 23:53:03,19.31,10500
31-Jan-2026 23:53:04,19.3,11000
31-Jan-2026 23:53:04,19.27,11500
31-Jan-2026 23:53:05,19.28,12000
31-Jan-2026 23:53:05,19.26,12500
31-Jan-2026 23:53:06,19.25,13000
31-Jan-2026 23:53:07,19.24,13500
31-Jan-2026 23:53:07,19.2,14000
31-Jan-2026 23:53:08,19.2,14500
31-Jan-2026 23:53:08,19.2,15000
31-Jan-2026 23:53:09,19.16,15500
31-Jan-2026 23:53:09,19.18,16000
31-Jan-2026 23:53:10,19.17,16500
31-Jan-2026 23:53:10,19.14,17000
31-Jan-2026 23:53:11,19.12,17500
31-Jan-2026 23:53:11,19.14,18000
31-Jan-2026 23:53:12,19.1,18500
31-Jan-2026 23:53:12,19.12,19000
31-Jan-2026 23:53:13,19.1,19500
31-Jan-2026 23:53:13,19.09,20000
31-Jan-2026 23:53:14,19.1,20500
31-Jan-2026 23:53:14,19.06,21000
31-Jan-2026 23:53:15,19.04,21500
31-Jan-2026 23:53:15,19.06,22000
31-Jan-2026 23:53:16,19.06,22500
31-Jan-2026 23:53:16,19.04,23000
31-Jan-2026 23:53:17,19.02,23500
31-Jan-2026 23:53:17,19.1,24000
31-Jan-2026 23:53:18,19.1,24500
31-Jan-2026 23:53:18,19.08,25000
31-Jan-2026 23:53:19,19.08,25500
31-Jan-2026 23:53:19,19.07,26000
31-Jan-2026 23:53:20,19.09,26500
31-Jan-2026 23:53:20,19.05,27000
31-Jan-2026 23:53:21,19.04,27500
31-Jan-2026 23:53:21,19.01,28000
31-Jan-2026 23:53:22,19.03,28500
31-Jan-2026 23:53:22,18.91,29000
31-Jan-2026 23:53:23,18.89,29500
31-Jan-2026 23:53:23,18.9,30000
31-Jan-2026 23:53:24,18.9,30500
31-Jan-2026 23:53:24,18.92,31000
31-Jan-2026 23:53:25,18.91,31500
31-Jan-2026 23:53:25,18.93,32000
31-Jan-2026 23:53:26,18.93,32500
31-Jan-2026 23:53:26,18.95,33000
31-Jan-2026 23:53:27,18.95,33500
31-Jan-2026 23:53:27,18.95,34000
31-Jan-2026 23:53:28,18.97,34500
31-Jan-2026 23:53:29,18.94,35000
31-Jan-2026 23:53:29,18.92,35500
31-Jan-2026 23:53:30,18.91,36000
31-Jan-2026 23:53:30,18.93,36500
31-Jan-2026 23:53:31,18.93,37000
31-Jan-2026 23:53:31,18.96,37500
31-Jan-2026 23:53:32,18.93,38000
31-Jan-2026 23:53:32,18.94,38500
31-Jan-2026 23:53:33,18.91,39000
31-Jan-2026 23:53:33,18.89,39500
31-Jan-2026 23:53:34,18.93,40000
31-Jan-2026 23:53:34,18.91,40500
31-Jan-2026 23:53:35,18.89,41000
31-Jan-2026 23:53:35,18.85,41500
31-Jan-2026 23:53:36,18.83,42000
31-Jan-2026 23:53:36,18.8,42500
31-Jan-2026 23:53:37,18.75,43000
31-Jan-2026 23:53:37,18.72,43500
31-Jan-2026 23:53:38,18.75,44000
31-Jan-2026 23:53:38,18.75,44500
31-Jan-2026 23:53:39,18.74,45000
31-Jan-2026 23:53:39,18.77,45500
31-Jan-2026 23:53:40,18.72,46000
31-Jan-2026 23:53:40,18.74,46500
31-Jan-2026 23:53:41,18.76,47000
31-Jan-2026 23:53:41,18.75,47500
31-Jan-2026 23:53:42,18.77,48000
31-Jan-2026 23:53:42,18.76,48500
31-Jan-2026 23:53:43,18.75,49000
31-Jan-2026 23:53:43,18.62,49500
31-Jan-2026 23:53:44,18.58,50000
31-Jan-2026 23:53:44,18.51,50500
31-Jan-2026 23:53:45,18.58,51000
31-Jan-2026 23:53:45,18.56,51500
31-Jan-2026 23:53:46,18.55,52000
31-Jan-2026 23:53:46,18.53,52500
31-Jan-2026 23:53:47,18.57,53000
31-Jan-2026 23:53:47,18.57,53500
31-Jan-2026 23:53:48,18.58,54000
31-Jan-2026 23:53:48,18.67,54500
31-Jan-2026 23:53:49,18.68,55000
31-Jan-2026 23:53:50,18.7,55500
31-Jan-2026 23:53:50,18.64,56000
31-Jan-2026 23:53:51,18.64,56500
31-Jan-2026 23:53:51,18.62,57000
31-Jan-2026 23:53:52,18.62,57500
31-Jan-2026 23:53:52,18.62,58000
31-Jan-2026 23:53:53,18.62,58500
31-Jan-2026 23:53:53,18.65,59000
31-Jan-2026 23:53:54,18.74,59500
31-Jan-2026 23:53:54,18.76,60000
31-Jan-2026 23:53:55,18.77,60500
31-Jan-2026 23:53:55,18.81,61000
31-Jan-2026 23:53:56,18.8,61500
31-Jan-2026 23:53:56,18.81,62000
31-Jan-2026 23:53:57,18.82,62500
31-Jan-2026 23:53:57,18.81,63000
31-Jan-2026 23:53:58,18.8,63500
31-Jan-2026 23:53:58,18.78,64000
31-Jan-2026 23:53:59,18.72,64500
31-Jan-2026 23:53:59,18.67,65000
31-Jan-2026 23:54:00,18.68,65500
31-Jan-2026 23:54:00,18.67,66000
31-Jan-2026 23:54:01,18.68,66500
31-Jan-2026 23:54:01,18.66,67000
31-Jan-2026 23:54:02,18.64,67500
31-Jan-2026 23:54:02,18.64,68000
31-Jan-2026 23:54:03,18.63,68500
31-Jan-2026 23:54:03,18.66,69000
31-Jan-2026 23:54:04,18.65,69500
31-Jan-2026 23:54:04,18.69,70000
31-Jan-2026 23:54:05,18.7,70500
31-Jan-2026 23:54:05,18.71,71000
31-Jan-2026 23:54:06,18.73,71500
31-Jan-2026 23:54:06,18.75,72000
31-Jan-2026 23:54:07,18.75,72500
31-Jan-2026 23:54:07,18.8,73000
31-Jan-2026 23:54:08,18.78,73500
31-Jan-2026 23:54:08,18.74,74000
31-Jan-2026 23:54:09,18.75,74500
31-Jan-2026 23:54:09,18.74,75000
31-Jan-2026 23:54:10,18.72,75500
31-Jan-2026 23:54:11,18.71,76000
31-Jan-2026 23:54:11,18.68,76500
31-Jan-2026 23:54:12,18.69,77000
31-Jan-2026 23:54:12,18.7,77500
31-Jan-2026 23:54:13,18.65,78000
31-Jan-2026 23:54:13,18.66,78500
31-Jan-2026 23:54:14,18.66,79000
31-Jan-2026 23:54:14,18.62,79500
31-Jan-2026 23:54:15,18.58,80000
31-Jan-2026 23:54:15,18.61,80500
31-Jan-2026 23:54:16,18.61,81000
31-Jan-2026 23:54:16,18.61,81500
31-Jan-2026 23:54:17,18.53,82000
31-Jan-2026 23:54:17,18.55,82500
31-Jan-2026 23:54:18,18.57,83000
31-Jan-2026 23:54:18,18.55,83500
31-Jan-2026 23:54:19,18.56,84000
31-Jan-2026 23:54:19,18.61,84500
31-Jan-2026 23:54:20,18.65,85000
31-Jan-2026 23:54:20,18.61,85500
31-Jan-2026 23:54:21,18.6,86000
31-Jan-2026 23:54:21,18.6,86500
31-Jan-2026 23:54:22,18.67,87000
31-Jan-2026 23:54:22,18.64,87500
31-Jan-2026 23:54:23,18.66,88000
31-Jan-2026 23:54:23,18.64,88500
31-Jan-2026 23:54:24,18.64,89000
31-Jan-2026 23:54:24,18.63,89500
31-Jan-2026 23:54:25,18.63,90000
31-Jan-2026 23:54:25,18.74,90500
31-Jan-2026 23:54:26,18.71,91000
31-Jan-2026 23:54:26,18.71,91500
31-Jan-2026 23:54:27,18.69,92000
31-Jan-2026 23:54:27,18.68,92500
31-Jan-2026 23:54:28,18.64,93000
31-Jan-2026 23:54:28,18.65,93500
31-Jan-2026 23:54:29,18.64,94000
31-Jan-2026 23:54:29,18.64,94500
31-Jan-2026 23:54:30,18.6,95000
31-Jan-2026 23:54:30,18.5,95500
31-Jan-2026 23:54:31,18.53,96000
31-Jan-2026 23:54:32,18.55,96500
31-Jan-2026 23:54:32,18.54,97000
31-Jan-2026 23:54:33,18.55,97500
31-Jan-2026 23:54:33,18.55,98000
31-Jan-2026 23:54:34,18.56,98500
31-Jan-2026 23:54:34,18.61,99000
31-Jan-2026 23:54:35,18.62,99500
31-Jan-2026 23:54:35,18.61,100000
31-Jan-2026 23:54:36,18.6,100500
31-Jan-2026 23:54:36,18.58,101000
31-Jan-2026 23:54:37,18.58,101500
31-Jan-2026 23:54:37,18.6,102000
31-Jan-2026 23:54:38,18.6,102500
31-Jan-2026 23:54:38,18.61,103000
31-Jan-2026 23:54:39,18.61,103500
31-Jan-2026 23:54:39,18.58,104000
31-Jan-2026 23:54:40,18.58,104500
31-Jan-2026 23:54:40,18.58,105000
31-Jan-2026 23:54:41,18.59,105500
31-Jan-2026 23:54:41,18.6,106000
31-Jan-2026 23:54:42,18.6,106500
31-Jan-2026 23:54:42,18.58,107000
31-Jan-2026 23:54:43,18.58,107500
31-Jan-2026 23:54:43,18.56,108000
31-Jan-2026 23:54:44,18.55,108500
31-Jan-2026 23:54:44,18.53,109000
31-Jan-2026 23:54:45,18.48,109500
31-Jan-2026 23:54:45,18.47,110000
31-Jan-2026 23:54:46,18.48,110500
31-Jan-2026 23:54:46,18.48,111000
31-Jan-2026 23:54:47,18.45,111500
31-Jan-2026 23:54:47,18.44,112000
31-Jan-2026 23:54:48,18.43,112500
31-Jan-2026 23:54:48,18.45,113000
31-Jan-2026 23:54:49,18.43,113500
31-Jan-2026 23:54:49,18.43,114000
31-Jan-2026 23:54:50,18.52,114500
31-Jan-2026 23:54:50,18.54,115000
31-Jan-2026 23:54:51,18.55,115500
31-Jan-2026 23:54:51,18.53,116000
31-Jan-2026 23:54:52,18.54,116500
31-Jan-2026 23:54:53,18.52,117000
31-Jan-2026 23:54:53,18.58,117500
31-Jan-2026 23:54:54,18.56,118000
31-Jan-2026 23:54:54,18.6,118500
31-Jan-2026 23:54:55,18.61,119000
31-Jan-2026 23:54:55,18.56,119500
31-Jan-2026 23:54:56,18.54,120000
31-Jan-2026 23:54:56,18.51,120500
31-Jan-2026 23:54:57,18.55,121000
31-Jan-2026 23:54:57,18.55,121500
31-Jan-2026 23:54:58,18.53,122000
31-Jan-2026 23:54:58,18.46,122500
31-Jan-2026 23:54:59,18.47,123000
31-Jan-2026 23:54:59,18.48,123500
31-Jan-2026 23:55:00,18.46,124000
31-Jan-2026 23:55:00,18.42,124500
31-Jan-2026 23:55:01,18.44,125000
31-Jan-2026 23:55:01,18.44,125500
31-Jan-2026 23:55:02,18.42,126000
31-Jan-2026 23:55:02,18.45,126500
31-Jan-2026 23:55:03,18.49,127000
31-Jan-2026 23:55:03,18.5,127500
31-Jan-2026 23:55:04,18.49,128000
31-Jan-2026 23:55:04,18.48,128500
31-Jan-2026 23:55:05,18.51,129000
31-Jan-2026 23:55:05,18.55,129500
31-Jan-2026 23:55:06,18.54,130000
31-Jan-2026 23:55:06,18.59,130500
31-Jan-2026 23:55:07,18.61,131000
31-Jan-2026 23:55:07,18.55,131500
31-Jan-2026 23:55:08,18.57,132000
31-Jan-2026 23:55:08,18.54,132500
31-Jan-2026 23:55:09,18.53,133000
31-Jan-2026 23:55:09,18.53,133500
31-Jan-2026 23:55:10,18.51,134000
31-Jan-2026 23:55:10,18.65,134500
31-Jan-2026 23:55:11,18.64,135000
31-Jan-2026 23:55:11,18.6,135500
31-Jan-2026 23:55:12,18.62,136000
31-Jan-2026 23:55:12,18.65,136500
31-Jan-2026 23:55:13,18.66,137000
31-Jan-2026 23:55:13,18.68,137500
31-Jan-2026 23:55:14,18.71,138000
31-Jan-2026 23:55:14,18.69,138500
31-Jan-2026 23:55:15,18.68,139000
31-Jan-2026 23:55:16,18.55,139500
31-Jan-2026 23:55:16,18.56,140000
31-Jan-2026 23:55:17,18.54,140500
31-Jan-2026 23:55:17,18.52,141000
31-Jan-2026 23:55:18,18.5,141500
31-Jan-2026 23:55:18,18.49,142000
31-Jan-2026 23:55:19,18.45,142500
31-Jan-2026 23:55:19,18.44,143000
31-Jan-2026 23:55:20,18.44,143500
31-Jan-2026 23:55:20,18.43,144000
31-Jan-2026 23:55:21,18.42,144500
31-Jan-2026 23:55:21,18.44,145000
31-Jan-2026 23:55:22,18.45,145500
31-Jan-2026 23:55:22,18.45,146000
31-Jan-2026 23:55:23,18.46,146500
31-Jan-2026 23:55:23,18.47,147000
31-Jan-2026 23:55:24,18.5,147500
31-Jan-2026 23:55:24,18.51,148000
31-Jan-2026 23:55:25,18.53,148500
31-Jan-2026 23:55:25,18.56,149000
31-Jan-2026 23:55:26,18.56,149500
31-Jan-2026 23:55:26,18.55,150000
31-Jan-2026 23:55:27,18.54,150500
31-Jan-2026 23:55:27,18.53,151000
31-Jan-2026 23:55:28,18.54,151500
31-Jan-2026 23:55:28,18.53,152000
31-Jan-2026 23:55:29,18.53,152500
31-Jan-2026 23:55:29,18.51,153000
31-Jan-2026 23:55:30,18.49,153500
31-Jan-2026 23:55:30,18.49,154000
31-Jan-2026 23:55:31,18.48,154500
31-Jan-2026 23:55:31,18.53,155000
31-Jan-2026 23:55:32,18.54,155500
31-Jan-2026 23:55:32,18.55,156000
31-Jan-2026 23:55:33,18.52,156500
31-Jan-2026 23:55:33,18.51,157000
31-Jan-2026 23:55:34,18.5,157500
31-Jan-2026 23:55:34,18.49,158000
31-Jan-2026 23:55:35,18.49,158500
31-Jan-2026 23:55:35,18.49,159000
31-Jan-2026 23:55:36,18.51,159500
31-Jan-2026 23:55:36,18.43,160000
31-Jan-2026 23:55:37,18.44,160500
31-Jan-2026 23:55:38,18.42,161000
31-Jan-2026 23:55:38,18.45,161500
31-Jan-2026 23:55:39,18.47,162000
31-Jan-2026 23:55:39,18.57,162500
31-Jan-2026 23:55:40,18.67,163000
31-Jan-2026 23:55:40,18.66,163500
31-Jan-2026 23:55:41,18.66,164000
31-Jan-2026 23:55:41,18.59,164500
31-Jan-2026 23:55:42,18.59,165000
31-Jan-2026 23:55:42,18.47,165500
31-Jan-2026 23:55:43,18.46,166000
31-Jan-2026 23:55:43,18.44,166500
31-Jan-2026 23:55:44,18.42,167000
31-Jan-2026 23:55:44,18.36,167500
31-Jan-2026 23:55:45,18.26,168000
31-Jan-2026 23:55:45,18.27,168500
31-Jan-2026 23:55:46,18.26,169000
31-Jan-2026 23:55:46,18.28,169500
31-Jan-2026 23:55:47,18.31,170000
31-Jan-2026 23:55:47,18.43,170500
31-Jan-2026 23:55:48,18.45,171000
31-Jan-2026 23:55:48,18.46,171500
31-Jan-2026 23:55:49,18.47,172000
31-Jan-2026 23:55:49,18.42,172500
31-Jan-2026 23:55:50,18.45,173000
31-Jan-2026 23:55:50,18.47,173500
31-Jan-2026 23:55:51,18.48,174000
31-Jan-2026 23:55:51,18.52,174500
31-Jan-2026 23:55:52,18.53,175000
31-Jan-2026 23:55:52,18.54,175500
31-Jan-2026 23:55:53,18.47,176000
31-Jan-2026 23:55:53,18.47,176500
31-Jan-2026 23:55:54,18.47,177000
31-Jan-2026 23:55:54,18.52,177500
31-Jan-2026 23:55:55,18.5,178000
31-Jan-2026 23:55:55,18.49,178500
31-Jan-2026 23:55:56,18.47,179000
31-Jan-2026 23:55:56,18.46,179500
31-Jan-2026 23:55:57,18.43,180000
31-Jan-2026 23:55:57,18.37,180500
31-Jan-2026 23:55:58,18.41,181000
31-Jan-2026 23:55:58,18.4,181500
31-Jan-2026 23:55:59,18.39,182000
31-Jan-2026 23:56:00,18.35,182500
31-Jan-2026 23:56:00,18.36,183000
31-Jan-2026 23:56:01,18.4,183500
31-Jan-2026 23:56:01,18.39,184000
31-Jan-2026 23:56:02,18.41,184500
31-Jan-2026 23:56:02,18.39,185000
31-Jan-2026 23:56:03,18.44,185500
31-Jan-2026 23:56:03,18.45,186000
31-Jan-2026 23:56:04,18.45,186500
31-Jan-2026 23:56:04,18.46,187000
31-Jan-2026 23:56:05,18.45,187500
31-Jan-2026 23:56:05,18.43,188000
31-Jan-2026 23:56:06,18.39,188500
31-Jan-2026 23:56:06,18.39,189000
31-Jan-2026 23:56:07,18.35,189500
31-Jan-2026 23:56:07,18.38,190000
31-Jan-2026 23:56:08,18.37,190500
31-Jan-2026 23:56:08,18.37,191000
31-Jan-2026 23:56:09,18.36,191500
31-Jan-2026 23:56:09,18.32,192000
31-Jan-2026 23:56:10,18.32,192500
31-Jan-2026 23:56:10,18.36,193000
31-Jan-2026 23:56:11,18.34,193500
31-Jan-2026 23:56:11,18.31,194000
31-Jan-2026 23:56:12,18.35,194500
31-Jan-2026 23:56:12,18.31,195000
31-Jan-2026 23:56:13,18.3,195500
31-Jan-2026 23:56:13,18.31,196000
31-Jan-2026 23:56:14,18.35,196500
31-Jan-2026 23:56:14,18.39,197000
31-Jan-2026 23:56:15,18.41,197500
31-Jan-2026 23:56:15,18.41,198000
31-Jan-2026 23:56:16,18.41,198500
31-Jan-2026 23:56:16,18.42,199000
31-Jan-2026 23:56:17,18.39,199500
31-Jan-2026 23:56:17,18.43,200000
31-Jan-2026 23:56:18,18.42,200500
31-Jan-2026 23:56:18,18.43,201000
31-Jan-2026 23:56:19,18.39,201500
31-Jan-2026 23:56:19,18.39,202000
31-Jan-2026 23:56:20,18.37,202500
31-Jan-2026 23:56:21,18.33,203000
31-Jan-2026 23:56:21,18.35,203500
31-Jan-2026 23:56:22,18.37,204000
31-Jan-2026 23:56:22,18.37,204500
31-Jan-2026 23:56:23,18.38,205000
31-Jan-2026 23:56:23,18.37,205500
31-Jan-2026 23:56:24,18.36,206000
31-Jan-2026 23:56:24,18.37,206500
31-Jan-2026 23:56:25,18.38,207000
31-Jan-2026 23:56:25,18.4,207500
31-Jan-2026 23:56:26,18.42,208000
31-Jan-2026 23:56:26,18.42,208500
31-Jan-2026 23:56:27,18.39,209000
31-Jan-2026 23:56:27,18.42,209500
31-Jan-2026 23:56:28,18.41,210000
31-Jan-2026 23:56:28,18.43,210500
31-Jan-2026 23:56:29,18.43,211000
31-Jan-2026 23:56:29,18.43,211500
31-Jan-2026 23:56:30,18.42,212000
31-Jan-2026 23:56:30,18.39,212500
31-Jan-2026 23:56:31,18.38,213000
31-Jan-2026 23:56:31,18.37,213500
31-Jan-2026 23:56:32,18.38,214000
31-Jan-2026 23:56:32,18.36,214500
31-Jan-2026 23:56:33,18.37,215000
31-Jan-2026 23:56:33,18.31,215500
31-Jan-2026 23:56:34,18.33,216000
31-Jan-2026 23:56:34,18.32,216500
31-Jan-2026 23:56:35,18.33,217000
31-Jan-2026 23:56:35,18.34,217500
31-Jan-2026 23:56:36,18.35,218000
31-Jan-2026 23:56:36,18.38,218500
31-Jan-2026 23:56:37,18.4,219000
31-Jan-2026 23:56:37,18.39,219500
31-Jan-2026 23:56:38,18.37,220000
31-Jan-2026 23:56:38,18.41,220500
31-Jan-2026 23:56:39,18.4,221000
31-Jan-2026 23:56:39,18.41,221500
31-Jan-2026 23:56:40,18.41,222000
31-Jan-2026 23:56:40,18.41,222500
31-Jan-2026 23:56:41,18.41,223000
31-Jan-2026 23:56:42,18.37,223500
31-Jan-2026 23:56:42,18.36,224000
31-Jan-2026 23:56:43,18.34,224500
31-Jan-2026 23:56:43,18.35,225000
31-Jan-2026 23:56:44,18.35,225500
31-Jan-2026 23:56:44,18.35,226000
31-Jan-2026 23:56:45,18.35,226500
31-Jan-2026 23:56:45,18.36,227000
31-Jan-2026 23:56:46,18.35,227500
31-Jan-2026 23:56:46,18.36,228000
31-Jan-2026 23:56:47,18.41,228500
31-Jan-2026 23:56:47,18.4,229000
31-Jan-2026 23:56:48,18.45,229500
31-Jan-2026 23:56:48,18.47,230000
31-Jan-2026 23:56:49,18.48,230500
31-Jan-2026 23:56:49,18.47,231000
31-Jan-2026 23:56:50,18.43,231500
31-Jan-2026 23:56:50,18.41,232000
31-Jan-2026 23:56:51,18.42,232500
31-Jan-2026 23:56:51,18.4,233000
31-Jan-2026 23:56:52,18.38,233500
31-Jan-2026 23:56:52,18.39,234000
31-Jan-2026 23:56:53,18.35,234500
31-Jan-2026 23:56:53,18.37,235000
31-Jan-2026 23:56:54,18.35,235500
31-Jan-2026 23:56:54,18.35,236000
31-Jan-2026 23:56:55,18.38,236500
31-Jan-2026 23:56:55,18.38,237000
31-Jan-2026 23:56:56,18.39,237500
31-Jan-2026 23:56:56,18.39,238000
31-Jan-2026 23:56:57,18.39,238500
31-Jan-2026 23:56:57,18.38,239000
31-Jan-2026 23:56:58,18.42,239500
31-Jan-2026 23:56:58,18.41,240000
31-Jan-2026 23:56:59,18.47,240500
31-Jan-2026 23:56:59,18.49,241000
31-Jan-2026 23:57:00,18.49,241500
31-Jan-2026 23:57:00,18.5,242000
31-Jan-2026 23:57:01,18.49,242500
31-Jan-2026 23:57:01,18.51,243000
31-Jan-2026 23:57:02,18.49,243500
31-Jan-2026 23:57:02,18.52,244000
31-Jan-2026 23:57:03,18.5,244500
31-Jan-2026 23:57:04,18.48,245000
31-Jan-2026 23:57:04,18.43,245500
31-Jan-2026 23:57:05,18.43,246000
31-Jan-2026 23:57:05,18.42,246500
31-Jan-2026 23:57:06,18.4,247000
31-Jan-2026 23:57:06,18.36,247500
31-Jan-2026 23:57:07,18.35,248000
31-Jan-2026 23:57:07,18.34,248500
31-Jan-2026 23:57:08,18.35,249000
31-Jan-2026 23:57:08,18.34,249500
31-Jan-2026 23:57:09,18.34,250000
31-Jan-2026 23:57:09,18.34,250500
31-Jan-2026 23:57:10,18.33,251000
31-Jan-2026 23:57:10,18.31,251500
31-Jan-2026 23:57:11,18.33,252000
31-Jan-2026 23:57:11,18.38,252500
31-Jan-2026 23:57:12,18.39,253000
31-Jan-2026 23:57:12,18.4,253500
31-Jan-2026 23:57:13,18.39,254000
31-Jan-2026 23:57:13,18.39,254500
31-Jan-2026 23:57:14,18.4,255000
31-Jan-2026 23:57:14,18.39,255500
31-Jan-2026 23:57:15,18.43,256000
31-Jan-2026 23:57:15,18.46,256500
31-Jan-2026 23:57:16,18.45,257000
31-Jan-2026 23:57:16,18.43,257500
31-Jan-2026 23:57:17,18.49,258000
31-Jan-2026 23:57:17,18.48,258500
31-Jan-2026 23:57:18,18.49,259000
31-Jan-2026 23:57:18,18.48,259500
31-Jan-2026 23:57:19,18.45,260000
31-Jan-2026 23:57:19,18.47,260500
31-Jan-2026 23:57:20,18.43,261000
31-Jan-2026 23:57:20,18.42,261500
31-Jan-2026 23:57:21,18.42,262000
31-Jan-2026 23:57:21,18.41,262500
31-Jan-2026 23:57:22,18.37,263000
31-Jan-2026 23:57:22,18.33,263500
31-Jan-2026 23:57:23,18.33,264000
31-Jan-2026 23:57:23,18.36,264500
31-Jan-2026 23:57:24,18.38,265000
31-Jan-2026 23:57:24,18.36,265500
31-Jan-2026 23:57:25,18.39,266000
31-Jan-2026 23:57:25,18.38,266500
31-Jan-2026 23:57:26,18.38,267000
31-Jan-2026 23:57:27,18.42,267500
31-Jan-2026 23:57:27,18.41,268000
31-Jan-2026 23:57:28,18.44,268500
31-Jan-2026 23:57:28,18.43,269000
31-Jan-2026 23:57:29,18.41,269500
31-Jan-2026 23:57:29,18.43,270000
31-Jan-2026 23:57:30,18.43,270500
31-Jan-2026 23:57:30,18.42,271000
31-Jan-2026 23:57:31,18.45,271500
31-Jan-2026 23:57:31,18.44,272000
31-Jan-2026 23:57:32,18.43,272500
31-Jan-2026 23:57:32,18.49,273000
31-Jan-2026 23:57:33,18.5,273500
31-Jan-2026 23:57:33,18.49,274000
31-Jan-2026 23:57:34,18.56,274500
31-Jan-2026 23:57:34,18.57,275000
31-Jan-2026 23:57:35,18.58,275500
31-Jan-2026 23:57:35,18.61,276000
31-Jan-2026 23:57:36,18.56,276500
31-Jan-2026 23:57:36,18.57,277000
31-Jan-2026 23:57:37,18.58,277500
31-Jan-2026 23:57:37,18.52,278000
31-Jan-2026 23:57:38,18.55,278500
31-Jan-2026 23:57:38,18.56,279000
31-Jan-2026 23:57:39,18.5,279500
31-Jan-2026 23:57:39,18.5,280000
31-Jan-2026 23:57:40,18.51,280500
31-Jan-2026 23:57:40,18.49,281000
31-Jan-2026 23:57:41,18.51,281500
31-Jan-2026 23:57:41,18.53,282000
31-Jan-2026 23:57:42,18.54,282500
31-Jan-2026 23:57:42,18.54,283000
31-Jan-2026 23:57:43,18.51,283500
31-Jan-2026 23:57:43,18.53,284000
31-Jan-2026 23:57:44,18.55,284500
31-Jan-2026 23:57:45,18.58,285000
31-Jan-2026 23:57:46,18.56,285500
31-Jan-2026 23:57:46,18.55,286000
31-Jan-2026 23:57:47,18.53,286500
31-Jan-2026 23:57:47,18.53,287000
31-Jan-2026 23:57:48,18.53,287500
31-Jan-2026 23:57:48,18.58,288000
31-Jan-2026 23:57:49,18.57,288500
31-Jan-2026 23:57:49,18.55,289000
31-Jan-2026 23:57:50,18.52,289500
31-Jan-2026 23:57:50,18.48,290000
31-Jan-2026 23:57:51,18.46,290500
31-Jan-2026 23:57:51,18.47,291000
31-Jan-2026 23:57:52,18.5,291500
31-Jan-2026 23:57:52,18.49,292000
31-Jan-2026 23:57:53,18.55,292500
31-Jan-2026 23:57:53,18.49,293000
31-Jan-2026 23:57:54,18.51,293500
31-Jan-2026 23:57:54,18.52,294000
31-Jan-2026 23:57:55,18.52,294500
31-Jan-2026 23:57:55,18.49,295000
31-Jan-2026 23:57:56,18.53,295500
31-Jan-2026 23:57:56,18.49,296000
31-Jan-2026 23:57:57,18.46,296500
31-Jan-2026 23:57:57,18.43,297000
31-Jan-2026 23:57:58,18.37,297500
31-Jan-2026 23:57:58,18.38,298000
31-Jan-2026 23:57:59,18.35,298500
31-Jan-2026 23:57:59,18.35,299000
31-Jan-2026 23:58:00,18.3,299500
31-Jan-2026 23:58:00,18.31,300000
31-Jan-2026 23:58:01,18.32,300500
31-Jan-2026 23:58:01,18.36,301000
31-Jan-2026 23:58:02,18.38,301500
31-Jan-2026 23:58:02,18.4,302000
31-Jan-2026 23:58:03,18.39,302500
31-Jan-2026 23:58:04,18.4,303000
31-Jan-2026 23:58:04,18.43,303500
31-Jan-2026 23:58:05,18.4,304000
31-Jan-2026 23:58:05,18.44,304500
31-Jan-2026 23:58:06,18.45,305000
31-Jan-2026 23:58:06,18.45,305500
31-Jan-2026 23:58:07,18.43,306000
31-Jan-2026 23:58:07,18.31,306500
31-Jan-2026 23:58:08,18.3,307000
31-Jan-2026 23:58:08,18.3,307500
31-Jan-2026 23:58:09,18.28,308000
31-Jan-2026 23:58:09,18.25,308500
31-Jan-2026 23:58:10,18.28,309000
31-Jan-2026 23:58:10,18.29,309500
31-Jan-2026 23:58:11,18.28,310000
31-Jan-2026 23:58:11,18.27,310500
31-Jan-2026 23:58:12,18.28,311000
31-Jan-2026 23:58:12,18.37,311500
31-Jan-2026 23:58:13,18.37,312000
31-Jan-2026 23:58:13,18.39,312500
31-Jan-2026 23:58:14,18.38,313000
31-Jan-2026 23:58:14,18.4,313500
31-Jan-2026 23:58:15,18.4,314000
31-Jan-2026 23:58:15,18.41,314500
31-Jan-2026 23:58:16,18.41,315000
31-Jan-2026 23:58:16,18.41,315500
31-Jan-2026 23:58:17,18.4,316000
31-Jan-2026 23:58:17,18.4,316500
31-Jan-2026 23:58:18,18.41,317000
31-Jan-2026 23:58:18,18.41,317500
31-Jan-2026 23:58:19,18.41,318000
31-Jan-2026 23:58:19,18.43,318500
31-Jan-2026 23:58:20,18.43,319000
31-Jan-2026 23:58:20,18.43,319500
31-Jan-2026 23:58:21,18.44,320000
31-Jan-2026 23:58:21,18.58,320500
31-Jan-2026 23:58:22,18.57,321000
31-Jan-2026 23:58:22,18.57,321500
31-Jan-2026 23:58:23,18.55,322000
31-Jan-2026 23:58:23,18.54,322500
31-Jan-2026 23:58:25,18.55,323000
31-Jan-2026 23:58:25,18.55,323500
31-Jan-2026 23:58:26,18.55,324000
31-Jan-2026 23:58:26,18.55,324500
31-Jan-2026 23:58:27,18.53,325000
31-Jan-2026 23:58:27,18.41,325500
31-Jan-2026 23:58:28,18.41,326000
31-Jan-2026 23:58:28,18.41,326500
31-Jan-2026 23:58:29,18.43,327000
31-Jan-2026 23:58:29,18.44,327500
31-Jan-2026 23:58:30,18.43,328000
31-Jan-2026 23:58:30,18.41,328500
31-Jan-2026 23:58:31,18.41,329000
31-Jan-2026 23:58:31,18.4,329500
31-Jan-2026 23:58:32,18.42,330000
31-Jan-2026 23:58:32,18.41,330500
31-Jan-2026 23:58:33,18.41,331000
31-Jan-2026 23:58:33,18.4,331500
31-Jan-2026 23:58:34,18.39,332000
31-Jan-2026 23:58:34,18.39,332500
31-Jan-2026 23:58:35,18.4,333000
31-Jan-2026 23:58:35,18.41,333500
31-Jan-2026 23:58:36,18.39,334000
31-Jan-2026 23:58:36,18.38,334500
31-Jan-2026 23:58:37,18.36,335000
31-Jan-2026 23:58:37,18.37,335500
31-Jan-2026 23:58:38,18.36,336000
31-Jan-2026 23:58:38,18.37,336500
31-Jan-2026 23:58:39,18.37,337000
31-Jan-2026 23:58:40,18.37,337500
31-Jan-2026 23:58:40,18.39,338000
31-Jan-2026 23:58:41,18.38,338500
31-Jan-2026 23:58:41,18.38,339000
31-Jan-2026 23:58:42,18.4,339500
31-Jan-2026 23:58:42,18.42,340000
31-Jan-2026 23:58:43,18.4,340500
31-Jan-2026 23:58:43,18.41,341000
31-Jan-2026 23:58:44,18.42,341500
31-Jan-2026 23:58:44,18.42,342000
31-Jan-2026 23:58:45,18.41,342500
31-Jan-2026 23:58:45,18.38,343000
31-Jan-2026 23:58:46,18.37,343500
31-Jan-2026 23:58:46,18.39,344000
31-Jan-2026 23:58:47,18.38,344500
31-Jan-2026 23:58:47,18.45,345000
31-Jan-2026 23:58:48,18.43,345500
31-Jan-2026 23:58:48,18.41,346000
31-Jan-2026 23:58:49,18.41,346500
31-Jan-2026 23:58:49,18.41,347000
31-Jan-2026 23:58:50,18.44,347500
31-Jan-2026 23:58:50,18.44,348000
31-Jan-2026 23:58:51,18.45,348500
31-Jan-2026 23:58:51,18.41,349000
31-Jan-2026 23:58:52,18.46,349500
31-Jan-2026 23:58:52,18.38,350000
31-Jan-2026 23:58:53,18.4,350500
31-Jan-2026 23:58:53,18.39,351000
31-Jan-2026 23:58:54,18.43,351500
31-Jan-2026 23:58:54,18.41,352000
31-Jan-2026 23:58:55,18.43,352500
31-Jan-2026 23:58:55,18.43,353000
31-Jan-2026 23:58:56,18.46,353500
31-Jan-2026 23:58:56,18.51,354000
31-Jan-2026 23:58:57,18.44,354500
31-Jan-2026 23:58:57,18.44,355000
31-Jan-2026 23:58:58,18.44,355500
31-Jan-2026 23:58:58,18.46,356000
31-Jan-2026 23:58:59,18.45,356500
31-Jan-2026 23:59:00,18.45,357000
31-Jan-2026 23:59:00,18.43,357500
31-Jan-2026 23:59:01,18.41,358000
31-Jan-2026 23:59:01,18.37,358500
31-Jan-2026 23:59:02,18.35,359000
31-Jan-2026 23:59:02,18.35,359500
31-Jan-2026 23:59:03,18.35,360000
31-Jan-2026 23:59:03,18.39,360500
31-Jan-2026 23:59:04,18.37,361000
31-Jan-2026 23:59:04,18.36,361500
31-Jan-2026 23:59:05,18.37,362000
31-Jan-2026 23:59:05,18.34,362500
31-Jan-2026 23:59:06,18.36,363000
31-Jan-2026 23:59:06,18.4,363500
31-Jan-2026 23:59:07,18.41,364000
31-Jan-2026 23:59:07,18.41,364500
31-Jan-2026 23:59:08,18.43,365000
31-Jan-2026 23:59:08,18.39,365500
31-Jan-2026 23:59:09,18.39,366000
31-Jan-2026 23:59:09,18.39,366500
31-Jan-2026 23:59:10,18.37,367000
31-Jan-2026 23:59:10,18.37,367500
31-Jan-2026 23:59:11,18.33,368000
31-Jan-2026 23:59:11,18.28,368500
31-Jan-2026 23:59:12,18.31,369000
31-Jan-2026 23:59:12,18.3,369500
31-Jan-2026 23:59:13,18.51,370000
31-Jan-2026 23:59:13,18.51,370500
31-Jan-2026 23:59:14,18.52,371000
31-Jan-2026 23:59:14,18.54,371500
31-Jan-2026 23:59:15,18.57,372000
31-Jan-2026 23:59:15,18.61,372500
31-Jan-2026 23:59:16,18.62,373000
31-Jan-2026 23:59:16,18.64,373500
31-Jan-2026 23:59:17,18.62,374000
31-Jan-2026 23:59:17,18.37,374500
31-Jan-2026 23:59:18,18.16,375000
31-Jan-2026 23:59:18,18.13,375500
31-Jan-2026 23:59:19,18.13,376000
31-Jan-2026 23:59:19,18.14,376500
31-Jan-2026 23:59:20,18.14,377000
31-Jan-2026 23:59:20,18.12,377500
31-Jan-2026 23:59:21,18.09,378000
31-Jan-2026 23:59:21,18.08,378500
31-Jan-2026 23:59:22,18.06,379000
31-Jan-2026 23:59:23,18.31,379500
31-Jan-2026 23:59:23,18.32,380000
31-Jan-2026 23:59:24,18.34,380500
31-Jan-2026 23:59:24,18.35,381000
31-Jan-2026 23:59:25,18.32,381500
31-Jan-2026 23:59:25,18.33,382000
31-Jan-2026 23:59:26,18.33,382500
31-Jan-2026 23:59:26,18.41,383000
31-Jan-2026 23:59:27,18.42,383500
31-Jan-2026 23:59:27,18.45,384000
31-Jan-2026 23:59:28,18.45,384500
31-Jan-2026 23:59:28,18.44,385000
31-Jan-2026 23:59:29,18.45,385500
31-Jan-2026 23:59:29,18.44,386000
31-Jan-2026 23:59:30,18.45,386500
31-Jan-2026 23:59:30,18.41,387000
31-Jan-2026 23:59:31,18.42,387500
31-Jan-2026 23:59:31,18.39,388000
31-Jan-2026 23:59:32,18.35,388500
31-Jan-2026 23:59:32,18.31,389000
31-Jan-2026 23:59:33,18.31,389500
31-Jan-2026 23:59:33,18.3,390000
31-Jan-2026 23:59:34,18.29,390500
31-Jan-2026 23:59:34,18.29,391000
31-Jan-2026 23:59:35,18.27,391500
31-Jan-2026 23:59:35,18.41,392000
31-Jan-2026 23:59:36,18.39,392500
31-Jan-2026 23:59:36,18.49,393000
31-Jan-2026 23:59:37,18.51,393500
31-Jan-2026 23:59:37,18.53,394000
31-Jan-2026 23:59:38,18.46,394500
31-Jan-2026 23:59:38,18.46,395000
31-Jan-2026 23:59:39,18.49,395500
31-Jan-2026 23:59:39,18.49,396000
31-Jan-2026 23:59:40,18.5,396500
31-Jan-2026 23:59:40,18.38,397000
31-Jan-2026 23:59:41,18.39,397500
31-Jan-2026 23:59:41,18.27,398000
31-Jan-2026 23:59:42,18.3,398500
31-Jan-2026 23:59:42,18.3,399000
31-Jan-2026 23:59:43,18.37,399500
31-Jan-2026 23:59:43,18.38,400000
31-Jan-2026 23:59:44,18.37,400500
31-Jan-2026 23:59:44,18.34,401000
31-Jan-2026 23:59:45,18.33,401500
31-Jan-2026 23:59:45,18.33,402000
31-Jan-2026 23:59:46,18.32,402500
31-Jan-2026 23:59:47,18.33,403000
31-Jan-2026 23:59:47,18.33,403500
31-Jan-2026 23:59:48,18.34,404000
31-Jan-2026 23:59:48,18.38,404500
31-Jan-2026 23:59:49,18.37,405000
31-Jan-2026 23:59:49,18.39,405500
31-Jan-2026 23:59:50,18.41,406000
31-Jan-2026 23:59:50,18.42,406500
31-Jan-2026 23:59:51,18.43,407000
31-Jan-2026 23:59:51,18.42,407500
31-Jan-2026 23:59:52,18.42,408000
31-Jan-2026 23:59:52,18.39,408500
31-Jan-2026 23:59:53,18.38,409000
31-Jan-2026 23:59:53,18.56,409500
31-Jan-2026 23:59:54,18.58,410000
31-Jan-2026 23:59:54,18.56,410500
31-Jan-2026 23:59:55,18.54,411000
31-Jan-2026 23:59:55,18.55,411500
31-Jan-2026 23:59:56,18.52,412000
31-Jan-2026 23:59:56,18.56,412500
31-Jan-2026 23:59:57,18.57,413000
31-Jan-2026 23:59:57,18.6,413500
31-Jan-2026 23:59:58,18.58,414000
31-Jan-2026 23:59:58,18.35,414500
31-Jan-2026 23:59:59,18.33,415000
31-Jan-2026 23:59:59,18.36,415500
01-Feb-2026 00:00:00,18.35,416000
01-Feb-2026 00:00:00,18.33,416500
01-Feb-2026 00:00:01,18.35,417000
01-Feb-2026 00:00:01,18.31,417500
01-Feb-2026 00:00:02,18.3,418000
01-Feb-2026 00:00:02,18.26,418500
01-Feb-2026 00:00:03,18.27,419000
01-Feb-2026 00:00:03,18.26,419500
01-Feb-2026 00:00:04,18.25,420000
01-Feb-2026 00:00:04,18.22,420500
01-Feb-2026 00:00:05,18.23,421000
01-Feb-2026 00:00:05,18.4,421500
01-Feb-2026 00:00:06,18.39,422000
01-Feb-2026 00:00:06,18.41,422500
01-Feb-2026 00:00:07,18.41,423000
01-Feb-2026 00:00:07,18.43,423500
01-Feb-2026 00:00:08,18.43,424000
01-Feb-2026 00:00:09,18.46,424500
01-Feb-2026 00:00:09,18.44,425000
01-Feb-2026 00:00:10,18.45,425500
01-Feb-2026 00:00:10,18.46,426000
01-Feb-2026 00:00:11,18.29,426500
01-Feb-2026 00:00:11,18.28,427000
01-Feb-2026 00:00:12,18.28,427500
01-Feb-2026 00:00:12,18.27,428000
01-Feb-2026 00:00:13,18.38,428500
01-Feb-2026 00:00:13,18.41,429000
01-Feb-2026 00:00:14,18.37,429500
01-Feb-2026 00:00:14,18.43,430000
01-Feb-2026 00:00:15,18.43,430500
01-Feb-2026 00:00:15,18.42,431000
01-Feb-2026 00:00:16,18.42,431500
01-Feb-2026 00:00:16,18.45,432000
01-Feb-2026 00:00:17,18.45,432500
01-Feb-2026 00:00:17,18.45,433000
01-Feb-2026 00:00:18,18.35,433500
01-Feb-2026 00:00:18,18.31,434000
01-Feb-2026 00:00:19,18.32,434500
01-Feb-2026 00:00:19,18.27,435000
01-Feb-2026 00:00:20,18.27,435500
01-Feb-2026 00:00:20,18.26,436000
01-Feb-2026 00:00:21,18.25,436500
01-Feb-2026 00:00:21,18.23,437000
01-Feb-2026 00:00:22,18.25,437500
01-Feb-2026 00:00:22,18.26,438000
01-Feb-2026 00:00:23,18.25,438500
01-Feb-2026 00:00:23,18.27,439000
01-Feb-2026 00:00:24,18.27,439500
01-Feb-2026 00:00:24,18.3,440000
01-Feb-2026 00:00:25,18.31,440500
01-Feb-2026 00:00:25,18.31,441000
01-Feb-2026 00:00:26,18.33,441500
01-Feb-2026 00:00:26,18.32,442000
01-Feb-2026 00:00:27,18.31,442500
01-Feb-2026 00:00:27,18.29,443000
01-Feb-2026 00:00:28,18.3,443500
01-Feb-2026 00:00:28,18.3,444000
01-Feb-2026 00:00:29,18.3,444500
01-Feb-2026 00:00:29,18.3,445000
01-Feb-2026 00:00:30,18.27,445500
01-Feb-2026 00:00:31,18.31,446000
01-Feb-2026 00:00:31,18.32,446500
01-Feb-2026 00:00:32,18.32,447000
01-Feb-2026 00:00:32,18.18,447500
01-Feb-2026 00:00:33,18.26,448000
01-Feb-2026 00:00:33,18.26,448500
01-Feb-2026 00:00:34,18.26,449000
01-Feb-2026 00:00:34,18.26,449500
01-Feb-2026 00:00:35,18.29,450000
01-Feb-2026 00:00:35,18.26,450500
01-Feb-2026 00:00:36,18.23,451000
01-Feb-2026 00:00:36,18.47,451500
01-Feb-2026 00:00:37,18.49,452000
01-Feb-2026 00:00:37,18.64,452500
01-Feb-2026 00:00:38,18.55,453000
01-Feb-2026 00:00:38,18.59,453500
01-Feb-2026 00:00:39,18.59,454000
01-Feb-2026 00:00:39,18.6,454500
01-Feb-2026 00:00:40,18.57,455000
01-Feb-2026 00:00:40,18.61,455500
01-Feb-2026 00:00:41,18.64,456000
01-Feb-2026 00:00:41,18.38,456500
01-Feb-2026 00:00:42,18.39,457000
01-Feb-2026 00:00:42,18.35,457500
01-Feb-2026 00:00:43,18.36,458000
01-Feb-2026 00:00:43,18.31,458500
01-Feb-2026 00:00:44,18.32,459000
01-Feb-2026 00:00:44,18.28,459500
01-Feb-2026 00:00:45,18.26,460000
01-Feb-2026 00:00:45,18.26,460500
01-Feb-2026 00:00:46,18.23,461000
01-Feb-2026 00:00:46,18.23,461500
01-Feb-2026 00:00:47,18.22,462000
01-Feb-2026 00:00:47,18.17,462500
01-Feb-2026 00:00:48,18.17,463000
01-Feb-2026 00:00:48,18.2,463500
01-Feb-2026 00:00:49,18.15,464000
01-Feb-2026 00:00:49,18.18,464500
01-Feb-2026 00:00:50,18.18,465000
01-Feb-2026 00:00:50,18.18,465500
01-Feb-2026 00:00:51,18.2,466000
01-Feb-2026 00:00:51,18.23,466500
01-Feb-2026 00:00:52,18.24,467000
01-Feb-2026 00:00:53,18.31,467500
01-Feb-2026 00:00:53,18.28,468000
01-Feb-2026 00:00:54,18.26,468500
01-Feb-2026 00:00:54,18.31,469000
01-Feb-2026 00:00:55,18.37,469500
01-Feb-2026 00:00:55,18.37,470000
01-Feb-2026 00:00:56,18.35,470500
01-Feb-2026 00:00:56,18.34,471000
01-Feb-2026 00:00:57,18.32,471500
01-Feb-2026 00:00:57,18.3,472000
01-Feb-2026 00:00:58,18.33,472500
01-Feb-2026 00:00:58,18.38,473000
01-Feb-2026 00:00:59,18.39,473500
01-Feb-2026 00:00:59,18.39,474000
01-Feb-2026 00:01:00,18.31,474500
01-Feb-2026 00:01:00,18.31,475000
01-Feb-2026 00:01:01,18.32,475500
01-Feb-2026 00:01:01,18.34,476000
01-Feb-2026 00:01:02,18.34,476500
01-Feb-2026 00:01:02,18.42,477000
01-Feb-2026 00:01:03,18.37,477500
01-Feb-2026 00:01:03,18.34,478000
01-Feb-2026 00:01:04,18.36,478500
01-Feb-2026 00:01:04,18.35,479000
01-Feb-2026 00:01:05,18.37,479500
01-Feb-2026 00:01:05,18.36,480000
01-Feb-2026 00:01:06,18.38,480500
01-Feb-2026 00:01:06,18.38,481000
01-Feb-2026 00:01:07,18.37,481500
01-Feb-2026 00:01:07,18.32,482000
01-Feb-2026 00:01:08,18.33,482500
01-Feb-2026 00:01:08,18.32,483000
01-Feb-2026 00:01:09,18.3,483500
01-Feb-2026 00:01:09,18.31,484000
01-Feb-2026 00:01:10,18.3,484500
01-Feb-2026 00:01:10,18.31,485000
01-Feb-2026 00:01:11,18.29,485500
01-Feb-2026 00:01:11,18.18,486000
01-Feb-2026 00:01:12,18.18,486500
01-Feb-2026 00:01:12,18.15,487000
01-Feb-2026 00:01:13,18.17,487500
01-Feb-2026 00:01:13,18.18,488000
01-Feb-2026 00:01:14,18.14,488500
01-Feb-2026 00:01:14,18.1,489000
01-Feb-2026 00:01:15,18.1,489500
01-Feb-2026 00:01:16,18.1,490000
01-Feb-2026 00:01:16,18.12,490500
01-Feb-2026 00:01:17,18.21,491000
01-Feb-2026 00:01:17,18.2,491500
01-Feb-2026 00:01:18,18.21,492000
01-Feb-2026 00:01:18,18.17,492500
01-Feb-2026 00:01:19,18.22,493000
01-Feb-2026 00:01:19,18.26,493500
01-Feb-2026 00:01:20,18.28,494000
01-Feb-2026 00:01:20,18.24,494500
01-Feb-2026 00:01:21,18.22,495000
01-Feb-2026 00:01:21,18.22,495500
01-Feb-2026 00:01:22,18.26,496000
01-Feb-2026 00:01:22,18.25,496500
01-Feb-2026 00:01:23,18.26,497000
01-Feb-2026 00:01:23,18.28,497500
01-Feb-2026 00:01:24,18.23,498000
01-Feb-2026 00:01:24,18.23,498500
01-Feb-2026 00:01:25,18.23,499000
01-Feb-2026 00:01:25,18.29,499500
01-Feb-2026 00:01:26,18.29,500000
01-Feb-2026 00:01:26,18.27,500500
01-Feb-2026 00:01:27,18.25,501000
01-Feb-2026 00:01:27,18.01,501500
01-Feb-2026 00:01:28,18.02,502000
01-Feb-2026 00:01:28,18.02,502500
01-Feb-2026 00:01:29,18.01,503000
01-Feb-2026 00:01:29,18,503500
01-Feb-2026 00:01:30,17.97,504000
01-Feb-2026 00:01:30,17.97,504500
01-Feb-2026 00:01:31,17.98,505000
01-Feb-2026 00:01:31,17.98,505500
01-Feb-2026 00:01:32,17.95,506000
01-Feb-2026 00:01:32,18.18,506500
01-Feb-2026 00:01:33,18.35,507000
01-Feb-2026 00:01:33,18.39,507500
01-Feb-2026 00:01:34,18.65,508000
01-Feb-2026 00:01:34,18.67,508500
01-Feb-2026 00:01:35,18.66,509000
01-Feb-2026 00:01:35,18.65,509500
01-Feb-2026 00:01:36,18.66,510000
01-Feb-2026 00:01:36,18.65,510500
01-Feb-2026 00:01:37,18.68,511000
01-Feb-2026 00:01:37,18.69,511500
01-Feb-2026 00:01:38,18.51,512000
01-Feb-2026 00:01:39,18.46,512500
01-Feb-2026 00:01:39,18.21,513000
01-Feb-2026 00:01:40,18.35,513500
01-Feb-2026 00:01:40,18.39,514000
01-Feb-2026 00:01:41,18.38,514500
01-Feb-2026 00:01:41,18.37,515000
01-Feb-2026 00:01:42,18.39,515500
01-Feb-2026 00:01:42,18.39,516000
01-Feb-2026 00:01:43,18.28,516500
01-Feb-2026 00:01:43,18.26,517000
01-Feb-2026 00:01:44,18.17,517500
01-Feb-2026 00:01:44,18.17,518000
01-Feb-2026 00:01:45,18.03,518500
01-Feb-2026 00:01:45,18.01,519000
01-Feb-2026 00:01:46,18.05,519500
01-Feb-2026 00:01:46,18.04,520000
01-Feb-2026 00:01:47,18.01,520500
01-Feb-2026 00:01:47,17.98,521000
01-Feb-2026 00:01:48,18.08,521500
01-Feb-2026 00:01:48,18.09,522000
01-Feb-2026 00:01:49,18.18,522500
01-Feb-2026 00:01:49,18.19,523000
01-Feb-2026 00:01:50,18.18,523500
01-Feb-2026 00:01:50,18.19,524000
01-Feb-2026 00:01:51,18.16,524500
01-Feb-2026 00:01:51,18.17,525000
01-Feb-2026 00:01:52,18.19,525500
01-Feb-2026 00:01:52,18.23,526000
01-Feb-2026 00:01:53,18.24,526500
01-Feb-2026 00:01:53,18.26,527000
01-Feb-2026 00:01:54,18.29,527500
01-Feb-2026 00:01:54,18.37,528000
01-Feb-2026 00:01:55,18.37,528500
01-Feb-2026 00:01:55,18.39,529000
01-Feb-2026 00:01:56,18.38,529500
01-Feb-2026 00:01:56,18.39,530000
01-Feb-2026 00:01:57,18.39,530500
01-Feb-2026 00:01:57,18.38,531000
01-Feb-2026 00:01:58,18.39,531500
01-Feb-2026 00:01:58,18.39,532000
01-Feb-2026 00:01:59,18.35,532500
01-Feb-2026 00:01:59,18.26,533000
01-Feb-2026 00:02:00,18.24,533500
01-Feb-2026 00:02:01,18.22,534000
01-Feb-2026 00:02:01,18.25,534500
01-Feb-2026 00:02:02,18.26,535000
01-Feb-2026 00:02:02,18.24,535500
01-Feb-2026 00:02:03,18.24,536000
01-Feb-2026 00:02:03,18.23,536500
01-Feb-2026 00:02:04,18.24,537000
01-Feb-2026 00:02:04,18.24,537500
01-Feb-2026 00:02:05,18.28,538000
01-Feb-2026 00:02:05,18.28,538500
01-Feb-2026 00:02:06,18.3,539000
01-Feb-2026 00:02:06,18.29,539500
01-Feb-2026 00:02:07,18.3,540000
01-Feb-2026 00:02:07,18.31,540500
01-Feb-2026 00:02:08,18.3,541000
01-Feb-2026 00:02:08,18.29,541500
01-Feb-2026 00:02:09,18.27,542000
01-Feb-2026 00:02:09,18.24,542500
01-Feb-2026 00:02:10,18.24,543000
01-Feb-2026 00:02:10,18.24,543500
01-Feb-2026 00:02:11,18.24,544000
01-Feb-2026 00:02:11,18.26,544500
01-Feb-2026 00:02:12,18.23,545000
01-Feb-2026 00:02:12,18.2,545500
01-Feb-2026 00:02:13,18.21,546000
01-Feb-2026 00:02:13,18.23,546500
01-Feb-2026 00:02:14,18.25,547000
01-Feb-2026 00:02:14,18.26,547500
01-Feb-2026 00:02:15,18.22,548000
01-Feb-2026 00:02:15,18.21,548500
01-Feb-2026 00:02:16,18.2,549000
01-Feb-2026 00:02:16,18.18,549500
01-Feb-2026 00:02:17,18.2,550000
01-Feb-2026 00:02:17,18.23,550500
01-Feb-2026 00:02:18,18.24,551000
01-Feb-2026 00:02:18,18.24,551500
01-Feb-2026 00:02:19,18.25,552000
01-Feb-2026 00:02:19,18.28,552500
01-Feb-2026 00:02:20,18.32,553000
01-Feb-2026 00:02:20,18.33,553500
01-Feb-2026 00:02:21,18.31,554000
01-Feb-2026 00:02:22,18.31,554500
01-Feb-2026 00:02:22,18.3,555000
01-Feb-2026 00:02:23,18.28,555500
01-Feb-2026 00:02:23,18.27,556000
01-Feb-2026 00:02:24,18.31,556500
01-Feb-2026 00:02:24,18.3,557000
01-Feb-2026 00:02:25,18.3,557500
01-Feb-2026 00:02:25,18.28,558000
01-Feb-2026 00:02:26,18.28,558500
01-Feb-2026 00:02:26,18.31,559000
01-Feb-2026 00:02:27,18.29,559500
01-Feb-2026 00:02:27,18.3,560000
01-Feb-2026 00:02:28,18.28,560500
01-Feb-2026 00:02:28,18.28,561000
01-Feb-2026 00:02:29,18.24,561500
01-Feb-2026 00:02:29,18.22,562000
01-Feb-2026 00:02:30,18.22,562500
01-Feb-2026 00:02:30,18.22,563000
01-Feb-2026 00:02:31,18.22,563500
01-Feb-2026 00:02:31,18.22,564000
01-Feb-2026 00:02:32,18.24,564500
01-Feb-2026 00:02:32,18.22,565000
01-Feb-2026 00:02:33,18.25,565500
01-Feb-2026 00:02:33,18.26,566000
01-Feb-2026 00:02:34,18.26,566500
01-Feb-2026 00:02:34,18.25,567000
01-Feb-2026 00:02:35,18.24,567500
01-Feb-2026 00:02:35,18.24,568000
01-Feb-2026 00:02:36,18.22,568500
01-Feb-2026 00:02:36,18.21,569000
01-Feb-2026 00:02:37,18.2,569500
01-Feb-2026 00:02:37,18.23,570000
01-Feb-2026 00:02:38,18.18,570500
01-Feb-2026 00:02:38,18.19,571000
01-Feb-2026 00:02:39,18.16,571500
01-Feb-2026 00:02:39,18.18,572000
01-Feb-2026 00:02:40,18.17,572500
01-Feb-2026 00:02:40,18.16,573000
01-Feb-2026 00:02:41,18.15,573500
01-Feb-2026 00:02:41,17.97,574000
01-Feb-2026 00:02:42,17.99,574500
01-Feb-2026 00:02:42,17.93,575000
01-Feb-2026 00:02:43,17.93,575500
01-Feb-2026 00:02:44,17.93,576000
01-Feb-2026 00:02:44,17.9,576500
01-Feb-2026 00:02:45,17.91,577000
01-Feb-2026 00:02:45,17.91,577500
01-Feb-2026 00:02:46,17.91,578000
01-Feb-2026 00:02:46,17.91,578500
01-Feb-2026 00:02:47,18.12,579000
01-Feb-2026 00:02:47,18.12,579500
01-Feb-2026 00:02:48,18.18,580000
01-Feb-2026 00:02:48,18.21,580500
01-Feb-2026 00:02:49,18.18,581000
01-Feb-2026 00:02:49,18.22,581500
01-Feb-2026 00:02:50,18.2,582000
01-Feb-2026 00:02:50,18.18,582500
01-Feb-2026 00:02:51,18.19,583000
01-Feb-2026 00:02:51,18.21,583500
01-Feb-2026 00:02:52,18.18,584000
01-Feb-2026 00:02:52,18.18,584500
01-Feb-2026 00:02:53,18.14,585000
01-Feb-2026 00:02:53,18.13,585500
01-Feb-2026 00:02:54,18.15,586000
01-Feb-2026 00:02:54,18.17,586500
01-Feb-2026 00:02:55,18.17,587000
01-Feb-2026 00:02:55,18.2,587500
01-Feb-2026 00:02:56,18.22,588000
01-Feb-2026 00:02:56,18.22,588500
01-Feb-2026 00:02:57,18.22,589000
01-Feb-2026 00:02:57,18.23,589500
01-Feb-2026 00:02:58,18.26,590000
01-Feb-2026 00:02:58,18.28,590500
01-Feb-2026 00:02:59,18.28,591000
01-Feb-2026 00:02:59,18.37,591500
01-Feb-2026 00:03:00,18.4,592000
01-Feb-2026 00:03:00,18.4,592500
01-Feb-2026 00:03:01,18.41,593000
01-Feb-2026 00:03:01,18.39,593500
01-Feb-2026 00:03:02,18.38,594000
01-Feb-2026 00:03:02,18.38,594500
01-Feb-2026 00:03:03,18.33,595000
01-Feb-2026 00:03:03,18.31,595500
01-Feb-2026 00:03:04,18.29,596000
01-Feb-2026 00:03:04,18.17,596500
01-Feb-2026 00:03:05,18.14,597000
01-Feb-2026 00:03:06,18.12,597500
01-Feb-2026 00:03:06,18.09,598000
01-Feb-2026 00:03:07,18.09,598500
01-Feb-2026 00:03:07,18.12,599000
01-Feb-2026 00:03:08,18.12,599500
01-Feb-2026 00:03:08,18.12,600000
01-Feb-2026 00:03:09,18.15,600500
01-Feb-2026 00:03:09,18.19,601000
01-Feb-2026 00:03:10,18.21,601500
01-Feb-2026 00:03:10,18.21,602000
01-Feb-2026 00:03:11,18.26,602500
01-Feb-2026 00:03:11,18.3,603000
01-Feb-2026 00:03:12,18.31,603500
01-Feb-2026 00:03:12,18.31,604000
01-Feb-2026 00:03:13,18.28,604500
01-Feb-2026 00:03:13,18.31,605000
01-Feb-2026 00:03:14,18.31,605500
01-Feb-2026 00:03:14,18.28,606000
01-Feb-2026 00:03:15,18.38,606500
01-Feb-2026 00:03:15,18.41,607000
01-Feb-2026 00:03:16,18.36,607500
01-Feb-2026 00:03:16,18.3,608000
01-Feb-2026 00:03:17,18.31,608500
01-Feb-2026 00:03:17,18.29,609000
01-Feb-2026 00:03:18,18.33,609500
01-Feb-2026 00:03:18,18.31,610000
01-Feb-2026 00:03:19,18.3,610500
01-Feb-2026 00:03:19,18.32,611000
01-Feb-2026 00:03:20,18.2,611500
01-Feb-2026 00:03:20,18.21,612000
01-Feb-2026 00:03:21,18.21,612500
01-Feb-2026 00:03:21,18.25,613000
01-Feb-2026 00:03:22,18.24,613500
01-Feb-2026 00:03:22,18.22,614000
01-Feb-2026 00:03:23,18.22,614500
01-Feb-2026 00:03:23,18.24,615000
01-Feb-2026 00:03:24,18.27,615500
01-Feb-2026 00:03:24,18.22,616000
01-Feb-2026 00:03:25,18.24,616500
01-Feb-2026 00:03:25,18.19,617000
01-Feb-2026 00:03:26,18.2,617500
01-Feb-2026 00:03:26,18.17,618000
01-Feb-2026 00:03:27,18.17,618500
01-Feb-2026 00:03:28,18.21,619000
01-Feb-2026 00:03:28,18.17,619500
01-Feb-2026 00:03:29,18.16,620000
01-Feb-2026 00:03:29,18.15,620500
01-Feb-2026 00:03:30,18.15,621000
01-Feb-2026 00:03:30,18.16,621500
01-Feb-2026 00:03:31,18.19,622000
01-Feb-2026 00:03:31,18.2,622500
01-Feb-2026 00:03:32,18.22,623000
01-Feb-2026 00:03:32,18.22,623500
01-Feb-2026 00:03:33,18.21,624000
01-Feb-2026 00:03:33,18.26,624500
01-Feb-2026 00:03:34,18.28,625000
01-Feb-2026 00:03:34,18.28,625500
01-Feb-2026 00:03:35,18.28,626000
01-Feb-2026 00:03:35,18.27,626500
01-Feb-2026 00:03:36,18.27,627000
01-Feb-2026 00:03:36,18.27,627500
01-Feb-2026 00:03:37,18.26,628000
01-Feb-2026 00:03:37,18.28,628500
01-Feb-2026 00:03:38,18.28,629000
01-Feb-2026 00:03:38,18.2,629500
01-Feb-2026 00:03:39,18.2,630000
01-Feb-2026 00:03:39,18.2,630500
01-Feb-2026 00:03:40,18.22,631000
01-Feb-2026 00:03:40,18.22,631500
01-Feb-2026 00:03:41,18.22,632000
01-Feb-2026 00:03:41,18.22,632500
01-Feb-2026 00:03:42,18.2,633000
01-Feb-2026 00:03:42,18.2,633500
01-Feb-2026 00:03:43,18.22,634000
01-Feb-2026 00:03:43,18.28,634500
01-Feb-2026 00:03:44,18.24,635000
01-Feb-2026 00:03:44,18.28,635500
01-Feb-2026 00:03:45,18.29,636000
01-Feb-2026 00:03:45,18.29,636500
01-Feb-2026 00:03:46,18.3,637000
01-Feb-2026 00:03:46,18.29,637500
01-Feb-2026 00:03:47,18.32,638000
01-Feb-2026 00:03:47,18.31,638500
01-Feb-2026 00:03:48,18.31,639000
01-Feb-2026 00:03:48,18.31,639500
01-Feb-2026 00:03:49,18.31,640000
01-Feb-2026 00:03:49,18.27,640500
01-Feb-2026 00:03:50,18.27,641000
01-Feb-2026 00:03:51,18.28,641500
01-Feb-2026 00:03:51,18.28,642000
01-Feb-2026 00:03:52,18.28,642500
01-Feb-2026 00:03:52,18.18,643000
01-Feb-2026 00:03:53,18.2,643500
01-Feb-2026 00:03:53,18.2,644000
01-Feb-2026 00:03:54,18.19,644500
01-Feb-2026 00:03:54,18.22,645000
01-Feb-2026 00:03:55,18.29,645500
01-Feb-2026 00:03:55,18.34,646000
01-Feb-2026 00:03:56,18.32,646500
01-Feb-2026 00:03:56,18.33,647000
01-Feb-2026 00:03:57,18.33,647500
01-Feb-2026 00:03:57,18.41,648000
01-Feb-2026 00:03:58,18.4,648500
01-Feb-2026 00:03:58,18.39,649000
01-Feb-2026 00:03:59,18.41,649500
01-Feb-2026 00:03:59,18.38,650000
01-Feb-2026 00:04:00,18.31,650500
01-Feb-2026 00:04:00,18.24,651000
01-Feb-2026 00:04:01,18.37,651500
01-Feb-2026 00:04:01,18.39,652000
01-Feb-2026 00:04:02,18.39,652500
01-Feb-2026 00:04:02,18.39,653000
01-Feb-2026 00:04:03,18.37,653500
01-Feb-2026 00:04:03,18.37,654000
01-Feb-2026 00:04:04,18.39,654500
01-Feb-2026 00:04:04,18.39,655000
01-Feb-2026 00:04:05,18.38,655500
01-Feb-2026 00:04:05,18.39,656000
01-Feb-2026 00:04:06,18.28,656500
01-Feb-2026 00:04:06,18.25,657000
01-Feb-2026 00:04:07,18.31,657500
01-Feb-2026 00:04:07,18.32,658000
01-Feb-2026 00:04:08,18.31,658500
01-Feb-2026 00:04:08,18.31,659000
01-Feb-2026 00:04:09,18.28,659500
01-Feb-2026 00:04:09,18.28,660000
01-Feb-2026 00:04:10,18.31,660500
01-Feb-2026 00:04:10,18.32,661000
01-Feb-2026 00:04:11,18.32,661500
01-Feb-2026 00:04:12,18.3,662000
01-Feb-2026 00:04:12,18.22,662500
01-Feb-2026 00:04:13,18.18,663000
01-Feb-2026 00:04:13,18.18,663500
01-Feb-2026 00:04:14,18.18,664000
01-Feb-2026 00:04:14,18.16,664500
01-Feb-2026 00:04:15,18.17,665000
01-Feb-2026 00:04:15,18.16,665500
01-Feb-2026 00:04:16,18.14,666000
01-Feb-2026 00:04:16,18.13,666500
01-Feb-2026 00:04:17,18.14,667000
01-Feb-2026 00:04:17,18.15,667500
01-Feb-2026 00:04:18,18.16,668000
01-Feb-2026 00:04:18,18.16,668500
01-Feb-2026 00:04:19,18.16,669000
01-Feb-2026 00:04:19,18.12,669500
01-Feb-2026 00:04:20,18.12,670000
01-Feb-2026 00:04:20,18.1,670500
01-Feb-2026 00:04:21,18.11,671000
01-Feb-2026 00:04:21,18.11,671500
01-Feb-2026 00:04:22,18.11,672000
01-Feb-2026 00:04:22,18.13,672500
01-Feb-2026 00:04:23,18.16,673000
01-Feb-2026 00:04:23,18.16,673500
01-Feb-2026 00:04:24,18.12,674000
01-Feb-2026 00:04:24,18.15,674500
01-Feb-2026 00:04:25,18.18,675000
01-Feb-2026 00:04:25,18.2,675500
01-Feb-2026 00:04:26,18.18,676000
01-Feb-2026 00:04:26,18.18,676500
01-Feb-2026 00:04:27,18.16,677000
01-Feb-2026 00:04:27,18.14,677500
01-Feb-2026 00:04:28,18.12,678000
01-Feb-2026 00:04:28,18.08,678500
01-Feb-2026 00:04:29,18.11,679000
01-Feb-2026 00:04:29,18.12,679500
01-Feb-2026 00:04:30,18.12,680000
01-Feb-2026 00:04:30,18.13,680500
01-Feb-2026 00:04:31,18.14,681000
01-Feb-2026 00:04:31,18.14,681500
01-Feb-2026 00:04:32,18.16,682000
01-Feb-2026 00:04:33,18.15,682500
01-Feb-2026 00:04:33,18.14,683000
01-Feb-2026 00:04:34,18.19,683500
01-Feb-2026 00:04:34,18.2,684000
01-Feb-2026 00:04:35,18.2,684500
01-Feb-2026 00:04:35,18.17,685000
01-Feb-2026 00:04:36,18.19,685500
01-Feb-2026 00:04:36,18.18,686000
01-Feb-2026 00:04:37,18.22,686500
01-Feb-2026 00:04:37,18.21,687000
01-Feb-2026 00:04:38,18.22,687500
01-Feb-2026 00:04:38,18.24,688000
01-Feb-2026 00:04:39,18.26,688500
01-Feb-2026 00:04:39,18.27,689000
01-Feb-2026 00:04:40,18.27,689500
01-Feb-2026 00:04:40,18.29,690000
01-Feb-2026 00:04:41,18.26,690500
01-Feb-2026 00:04:41,18.27,691000
01-Feb-2026 00:04:42,18.25,691500
01-Feb-2026 00:04:42,18.25,692000
01-Feb-2026 00:04:43,18.24,692500
01-Feb-2026 00:04:43,18.23,693000
01-Feb-2026 00:04:44,18.22,693500
01-Feb-2026 00:04:44,18.2,694000
01-Feb-2026 00:04:45,18.22,694500
01-Feb-2026 00:04:45,18.21,695000
01-Feb-2026 00:04:46,18.19,695500
01-Feb-2026 00:04:46,18.19,696000
01-Feb-2026 00:04:47,18.16,696500
01-Feb-2026 00:04:47,18.19,697000
01-Feb-2026 00:04:48,18.2,697500
01-Feb-2026 00:04:48,18.18,698000
01-Feb-2026 00:04:49,18.16,698500
01-Feb-2026 00:04:49,18.17,699000
01-Feb-2026 00:04:50,18.13,699500
01-Feb-2026 00:04:50,18.12,700000
01-Feb-2026 00:04:51,18.14,700500
01-Feb-2026 00:04:51,18.1,701000
01-Feb-2026 00:04:52,18.12,701500
01-Feb-2026 00:04:52,18.13,702000
01-Feb-2026 00:04:53,18.02,702500
01-Feb-2026 00:04:53,18.03,703000
01-Feb-2026 00:04:54,18.06,703500
01-Feb-2026 00:04:54,18.04,704000
01-Feb-2026 00:04:55,18.03,704500
01-Feb-2026 00:04:55,18.05,705000
01-Feb-2026 00:04:56,18.04,705500
01-Feb-2026 00:04:57,18.13,706000
01-Feb-2026 00:04:57,18.12,706500
01-Feb-2026 00:04:58,18.11,707000
01-Feb-2026 00:04:58,18.17,707500
01-Feb-2026 00:04:59,18.18,708000
01-Feb-2026 00:04:59,18.19,708500
01-Feb-2026 00:05:00,18.2,709000
01-Feb-2026 00:05:01,18.22,709500
01-Feb-2026 00:05:02,18.21,710000
01-Feb-2026 00:05:02,18.22,710500
01-Feb-2026 00:05:03,18.18,711000
01-Feb-2026 00:05:03,18.18,711500
01-Feb-2026 00:05:04,18.13,712000
01-Feb-2026 00:05:04,18.17,712500
01-Feb-2026 00:05:05,18.17,713000
01-Feb-2026 00:05:05,18.15,713500
01-Feb-2026 00:05:06,18.14,714000
01-Feb-2026 00:05:06,18.08,714500
01-Feb-2026 00:05:07,18.04,715000
01-Feb-2026 00:05:07,18.02,715500
01-Feb-2026 00:05:08,18,716000
01-Feb-2026 00:05:08,18.01,716500
01-Feb-2026 00:05:09,18.07,717000
01-Feb-2026 00:05:09,18.07,717500
01-Feb-2026 00:05:10,18.08,718000
01-Feb-2026 00:05:10,18.1,718500
01-Feb-2026 00:05:11,18.11,719000
01-Feb-2026 00:05:11,18.18,719500
01-Feb-2026 00:05:12,18.22,720000
01-Feb-2026 00:05:12,18.23,720500
01-Feb-2026 00:05:13,18.27,721000
01-Feb-2026 00:05:13,18.26,721500
01-Feb-2026 00:05:14,18.24,722000
01-Feb-2026 00:05:14,18.32,722500
01-Feb-2026 00:05:15,18.31,723000
01-Feb-2026 00:05:15,18.35,723500
01-Feb-2026 00:05:16,18.36,724000
01-Feb-2026 00:05:16,18.37,724500
01-Feb-2026 00:05:17,18.33,725000
01-Feb-2026 00:05:17,18.32,725500
01-Feb-2026 00:05:18,18.31,726000
01-Feb-2026 00:05:18,18.26,726500
01-Feb-2026 00:05:19,18.24,727000
01-Feb-2026 00:05:19,18.18,727500
01-Feb-2026 00:05:20,18.16,728000
01-Feb-2026 00:05:20,18.07,728500
01-Feb-2026 00:05:21,18.04,729000
01-Feb-2026 00:05:21,18.03,729500
01-Feb-2026 00:05:22,18.04,730000
01-Feb-2026 00:05:22,18.08,730500
01-Feb-2026 00:05:23,18.08,731000
01-Feb-2026 00:05:23,18.12,731500
01-Feb-2026 00:05:24,18.13,732000
01-Feb-2026 00:05:25,18.13,732500
01-Feb-2026 00:05:25,18.16,733000
01-Feb-2026 00:05:26,18.19,733500
01-Feb-2026 00:05:26,18.18,734000
01-Feb-2026 00:05:27,18.17,734500
01-Feb-2026 00:05:27,18.21,735000
01-Feb-2026 00:05:28,18.17,735500
01-Feb-2026 00:05:28,18.17,736000
01-Feb-2026 00:05:29,18.16,736500
01-Feb-2026 00:05:29,18.16,737000
01-Feb-2026 00:05:30,18.16,737500
01-Feb-2026 00:05:30,18.14,738000
01-Feb-2026 00:05:31,18.13,738500
01-Feb-2026 00:05:31,18.16,739000
01-Feb-2026 00:05:32,18.16,739500
01-Feb-2026 00:05:32,18.18,740000
01-Feb-2026 00:05:33,18.2,740500
01-Feb-2026 00:05:33,18.18,741000
01-Feb-2026 00:05:34,18.19,741500
01-Feb-2026 00:05:34,18.17,742000
01-Feb-2026 00:05:35,18.18,742500
01-Feb-2026 00:05:35,17.99,743000
01-Feb-2026 00:05:36,17.99,743500
01-Feb-2026 00:05:36,17.97,744000
01-Feb-2026 00:05:37,17.94,744500
01-Feb-2026 00:05:37,17.89,745000
01-Feb-2026 00:05:38,17.89,745500
01-Feb-2026 00:05:38,17.89,746000
01-Feb-2026 00:05:39,17.91,746500
01-Feb-2026 00:05:39,17.92,747000
01-Feb-2026 00:05:40,17.89,747500
01-Feb-2026 00:05:40,18.09,748000
01-Feb-2026 00:05:41,18.08,748500
01-Feb-2026 00:05:41,18.06,749000
01-Feb-2026 00:05:42,18.1,749500
01-Feb-2026 00:05:42,18.19,750000
01-Feb-2026 00:05:43,18.2,750500
01-Feb-2026 00:05:43,18.2,751000
01-Feb-2026 00:05:44,18.21,751500
01-Feb-2026 00:05:44,18.23,752000
01-Feb-2026 00:05:45,18.24,752500
01-Feb-2026 00:05:45,18.26,753000
01-Feb-2026 00:05:46,18.29,753500
01-Feb-2026 00:05:46,18.31,754000
01-Feb-2026 00:05:47,18.33,754500
01-Feb-2026 00:05:47,18.25,755000
01-Feb-2026 00:05:48,18.24,755500
01-Feb-2026 00:05:48,18.25,756000
01-Feb-2026 00:05:49,18.24,756500
01-Feb-2026 00:05:50,18.2,757000
01-Feb-2026 00:05:50,18.21,757500
01-Feb-2026 00:05:51,18.17,758000
01-Feb-2026 00:05:51,18.16,758500
01-Feb-2026 00:05:52,18.23,759000
01-Feb-2026 00:05:52,18.11,759500
01-Feb-2026 00:05:53,18.07,760000
01-Feb-2026 00:05:53,18.06,760500
01-Feb-2026 00:05:54,18.03,761000
01-Feb-2026 00:05:54,18.04,761500
01-Feb-2026 00:05:55,18.14,762000
01-Feb-2026 00:05:55,18.16,762500
01-Feb-2026 00:05:56,18.19,763000
01-Feb-2026 00:05:56,18.18,763500
01-Feb-2026 00:05:57,18.14,764000
01-Feb-2026 00:05:57,18.28,764500
01-Feb-2026 00:05:58,18.31,765000
01-Feb-2026 00:05:58,18.35,765500
01-Feb-2026 00:05:59,18.36,766000
01-Feb-2026 00:05:59,18.34,766500
01-Feb-2026 00:06:00,18.27,767000
01-Feb-2026 00:06:00,18.27,767500
01-Feb-2026 00:06:01,18.24,768000
01-Feb-2026 00:06:01,18.31,768500
01-Feb-2026 00:06:02,18.28,769000
01-Feb-2026 00:06:02,18.25,769500
01-Feb-2026 00:06:03,18.26,770000
01-Feb-2026 00:06:03,18.23,770500
01-Feb-2026 00:06:04,18.22,771000
01-Feb-2026 00:06:04,18.25,771500
01-Feb-2026 00:06:05,18.24,772000
01-Feb-2026 00:06:05,18.22,772500
01-Feb-2026 00:06:06,18.22,773000
01-Feb-2026 00:06:06,18.15,773500
01-Feb-2026 00:06:07,18.16,774000
01-Feb-2026 00:06:07,18.26,774500
01-Feb-2026 00:06:08,18.24,775000
01-Feb-2026 00:06:08,18.22,775500
01-Feb-2026 00:06:09,18.23,776000
01-Feb-2026 00:06:10,18.22,776500
01-Feb-2026 00:06:10,18.24,777000
01-Feb-2026 00:06:11,18.24,777500
01-Feb-2026 00:06:11,18.25,778000
01-Feb-2026 00:06:12,18.25,778500
01-Feb-2026 00:06:12,18.27,779000
01-Feb-2026 00:06:13,18.15,779500
01-Feb-2026 00:06:13,18.16,780000
01-Feb-2026 00:06:14,18.17,780500
01-Feb-2026 00:06:14,18.18,781000
01-Feb-2026 00:06:15,18.19,781500
01-Feb-2026 00:06:15,18.17,782000
01-Feb-2026 00:06:16,18.16,782500
01-Feb-2026 00:06:16,18.18,783000
01-Feb-2026 00:06:17,18.19,783500
01-Feb-2026 00:06:17,18.2,784000
01-Feb-2026 00:06:18,18.18,784500
01-Feb-2026 00:06:18,18.18,785000
01-Feb-2026 00:06:19,18.2,785500
01-Feb-2026 00:06:19,18.18,786000
01-Feb-2026 00:06:20,18.17,786500
01-Feb-2026 00:06:20,18.17,787000
01-Feb-2026 00:06:21,18.19,787500
01-Feb-2026 00:06:21,18.19,788000
01-Feb-2026 00:06:22,18.18,788500
01-Feb-2026 00:06:22,18.16,789000
01-Feb-2026 00:06:23,18.18,789500
01-Feb-2026 00:06:23,18.19,790000
01-Feb-2026 00:06:24,18.18,790500
01-Feb-2026 00:06:24,18.18,791000
01-Feb-2026 00:06:25,18.18,791500
01-Feb-2026 00:06:25,18.18,792000
01-Feb-2026 00:06:26,18.18,792500
01-Feb-2026 00:06:26,18.18,793000
01-Feb-2026 00:06:27,18.18,793500
01-Feb-2026 00:06:27,18.2,794000
01-Feb-2026 00:06:28,18.19,794500
01-Feb-2026 00:06:28,18.17,795000
01-Feb-2026 00:06:29,18.18,795500
01-Feb-2026 00:06:29,18.18,796000
01-Feb-2026 00:06:30,18.18,796500
01-Feb-2026 00:06:31,18.16,797000
01-Feb-2026 00:06:31,18.17,797500
01-Feb-2026 00:06:32,18.16,798000
01-Feb-2026 00:06:32,18.14,798500
01-Feb-2026 00:06:33,18.15,799000
01-Feb-2026 00:06:33,18.15,799500
01-Feb-2026 00:06:34,18.14,800000
01-Feb-2026 00:06:34,18.16,800500
01-Feb-2026 00:06:35,18.16,801000
01-Feb-2026 00:06:35,18.16,801500
01-Feb-2026 00:06:36,18.17,802000
01-Feb-2026 00:06:36,18.2,802500
01-Feb-2026 00:06:37,18.17,803000
01-Feb-2026 00:06:37,18.17,803500
01-Feb-2026 00:06:38,18.17,804000
01-Feb-2026 00:06:38,18.15,804500
01-Feb-2026 00:06:39,18.19,805000
01-Feb-2026 00:06:39,18.15,805500
01-Feb-2026 00:06:40,18.19,806000
01-Feb-2026 00:06:40,18.18,806500
01-Feb-2026 00:06:41,18.18,807000
01-Feb-2026 00:06:41,18.15,807500
01-Feb-2026 00:06:42,18.19,808000
01-Feb-2026 00:06:42,18.2,808500
01-Feb-2026 00:06:43,18.2,809000
01-Feb-2026 00:06:43,18.2,809500
01-Feb-2026 00:06:44,18.2,810000
01-Feb-2026 00:06:44,18.22,810500
01-Feb-2026 00:06:45,18.19,811000
01-Feb-2026 00:06:45,18.21,811500
01-Feb-2026 00:06:46,18.21,812000
01-Feb-2026 00:06:46,18.22,812500
01-Feb-2026 00:06:47,18.19,813000
01-Feb-2026 00:06:47,18.2,813500
01-Feb-2026 00:06:48,18.21,814000
01-Feb-2026 00:06:48,18.45,814500
01-Feb-2026 00:06:49,18.49,815000
01-Feb-2026 00:06:49,18.49,815500
01-Feb-2026 00:06:50,18.37,816000
01-Feb-2026 00:06:50,18.33,816500
01-Feb-2026 00:06:51,18.35,817000
01-Feb-2026 00:06:51,18.37,817500
01-Feb-2026 00:06:52,18.36,818000
01-Feb-2026 00:06:53,18.35,818500
01-Feb-2026 00:06:53,18.32,819000
01-Feb-2026 00:06:54,18.08,819500
01-Feb-2026 00:06:54,18.02,820000
01-Feb-2026 00:06:55,18.02,820500
01-Feb-2026 00:06:55,18.13,821000
01-Feb-2026 00:06:56,18.12,821500
01-Feb-2026 00:06:56,18.12,822000
01-Feb-2026 00:06:57,18.12,822500
01-Feb-2026 00:06:57,18.14,823000
01-Feb-2026 00:06:58,18.15,823500
01-Feb-2026 00:06:58,18.18,824000
01-Feb-2026 00:06:59,18.2,824500
01-Feb-2026 00:06:59,18.18,825000
01-Feb-2026 00:07:00,18.17,825500
01-Feb-2026 00:07:00,18.15,826000
01-Feb-2026 00:07:01,18.21,826500
01-Feb-2026 00:07:01,18.21,827000
01-Feb-2026 00:07:02,18.18,827500
01-Feb-2026 00:07:02,18.19,828000
01-Feb-2026 00:07:03,18.18,828500
01-Feb-2026 00:07:03,18.19,829000
01-Feb-2026 00:07:04,18.18,829500
01-Feb-2026 00:07:04,18.24,830000
01-Feb-2026 00:07:05,18.29,830500
01-Feb-2026 00:07:05,18.32,831000
01-Feb-2026 00:07:06,18.31,831500
01-Feb-2026 00:07:06,18.33,832000
01-Feb-2026 00:07:07,18.31,832500
01-Feb-2026 00:07:07,18.3,833000
01-Feb-2026 00:07:08,18.33,833500
01-Feb-2026 00:07:08,18.26,834000
01-Feb-2026 00:07:09,18.24,834500
01-Feb-2026 00:07:09,18.21,835000
01-Feb-2026 00:07:10,18.18,835500
01-Feb-2026 00:07:10,18.16,836000
01-Feb-2026 00:07:11,18.11,836500
01-Feb-2026 00:07:11,18.08,837000
01-Feb-2026 00:07:12,18.09,837500
01-Feb-2026 00:07:12,18.08,838000
01-Feb-2026 00:07:13,18.08,838500
01-Feb-2026 00:07:13,18.12,839000
01-Feb-2026 00:07:14,18.14,839500
01-Feb-2026 00:07:14,18.14,840000
01-Feb-2026 00:07:15,18.12,840500
01-Feb-2026 00:07:16,18.14,841000
01-Feb-2026 00:07:16,18.18,841500
01-Feb-2026 00:07:17,18.18,842000
01-Feb-2026 00:07:17,18.18,842500
01-Feb-2026 00:07:18,18.18,843000
01-Feb-2026 00:07:18,18.15,843500
01-Feb-2026 00:07:19,18.16,844000
01-Feb-2026 00:07:19,18.17,844500
01-Feb-2026 00:07:20,18.19,845000
01-Feb-2026 00:07:20,18.22,845500
01-Feb-2026 00:07:21,18.19,846000
01-Feb-2026 00:07:21,18.19,846500
01-Feb-2026 00:07:22,18.22,847000
01-Feb-2026 00:07:22,18.23,847500
01-Feb-2026 00:07:23,18.24,848000
01-Feb-2026 00:07:23,18.16,848500
01-Feb-2026 00:07:24,18.15,849000
01-Feb-2026 00:07:24,18.14,849500
01-Feb-2026 00:07:25,18.14,850000
01-Feb-2026 00:07:25,18.12,850500
01-Feb-2026 00:07:26,18.12,851000
01-Feb-2026 00:07:26,18.12,851500
01-Feb-2026 00:07:27,18.1,852000
01-Feb-2026 00:07:27,18.1,852500
01-Feb-2026 00:07:28,18.09,853000
01-Feb-2026 00:07:28,18.17,853500
01-Feb-2026 00:07:29,18.17,854000
01-Feb-2026 00:07:29,18.17,854500
01-Feb-2026 00:07:30,18.14,855000
01-Feb-2026 00:07:30,18.16,855500
01-Feb-2026 00:07:31,18.18,856000
01-Feb-2026 00:07:31,18.18,856500
01-Feb-2026 00:07:32,18.2,857000
01-Feb-2026 00:07:32,18.2,857500
01-Feb-2026 00:07:33,18.19,858000
01-Feb-2026 00:07:33,18.22,858500
01-Feb-2026 00:07:34,18.2,859000
01-Feb-2026 00:07:34,18.16,859500
01-Feb-2026 00:07:35,18.15,860000
01-Feb-2026 00:07:35,18.17,860500
01-Feb-2026 00:07:36,18.14,861000
01-Feb-2026 00:07:36,18.13,861500
01-Feb-2026 00:07:37,18.11,862000
01-Feb-2026 00:07:37,18.18,862500
01-Feb-2026 00:07:38,18.18,863000
01-Feb-2026 00:07:39,18.15,863500
01-Feb-2026 00:07:39,18.17,864000
01-Feb-2026 00:07:40,18.17,864500
01-Feb-2026 00:07:40,18.2,865000
01-Feb-2026 00:07:41,18.18,865500
01-Feb-2026 00:07:41,18.28,866000
01-Feb-2026 00:07:42,18.29,866500
01-Feb-2026 00:07:42,18.31,867000
01-Feb-2026 00:07:43,18.24,867500
01-Feb-2026 00:07:43,18.24,868000
01-Feb-2026 00:07:44,18.26,868500
01-Feb-2026 00:07:44,18.31,869000
01-Feb-2026 00:07:45,18.34,869500
01-Feb-2026 00:07:45,18.3,870000
01-Feb-2026 00:07:46,18.32,870500
01-Feb-2026 00:07:46,18.2,871000
01-Feb-2026 00:07:47,18.21,871500
01-Feb-2026 00:07:47,18.22,872000
01-Feb-2026 00:07:48,18.2,872500
01-Feb-2026 00:07:48,18.2,873000
01-Feb-2026 00:07:49,18.19,873500
01-Feb-2026 00:07:49,18.15,874000
01-Feb-2026 00:07:50,18.12,874500
01-Feb-2026 00:07:50,18.15,875000
01-Feb-2026 00:07:51,18.12,875500
01-Feb-2026 00:07:51,18.12,876000
01-Feb-2026 00:07:52,18.12,876500
01-Feb-2026 00:07:52,18.09,877000
01-Feb-2026 00:07:53,18.15,877500
01-Feb-2026 00:07:53,18.37,878000
01-Feb-2026 00:07:54,18.36,878500
01-Feb-2026 00:07:54,18.36,879000
01-Feb-2026 00:07:55,18.37,879500
01-Feb-2026 00:07:55,18.37,880000
01-Feb-2026 00:07:56,18.39,880500
01-Feb-2026 00:07:56,18.42,881000
01-Feb-2026 00:07:57,18.42,881500
01-Feb-2026 00:07:57,18.43,882000
01-Feb-2026 00:07:58,18.37,882500
01-Feb-2026 00:07:58,18.16,883000
01-Feb-2026 00:07:59,18.16,883500
01-Feb-2026 00:07:59,18.16,884000
01-Feb-2026 00:08:00,18.16,884500
01-Feb-2026 00:08:00,18.16,885000
01-Feb-2026 00:08:01,18.16,885500
01-Feb-2026 00:08:01,18.14,886000
01-Feb-2026 00:08:02,18.14,886500
01-Feb-2026 00:08:03,18.11,887000
01-Feb-2026 00:08:03,18.11,887500
01-Feb-2026 00:08:04,18.1,888000
01-Feb-2026 00:08:04,18.12,888500
01-Feb-2026 00:08:05,18.11,889000
01-Feb-2026 00:08:05,18.12,889500
01-Feb-2026 00:08:06,18.14,890000
01-Feb-2026 00:08:06,18.15,890500
01-Feb-2026 00:08:07,18.14,891000
01-Feb-2026 00:08:07,18.12,891500
01-Feb-2026 00:08:08,18.2,892000
01-Feb-2026 00:08:08,18.22,892500
01-Feb-2026 00:08:09,18.22,893000
01-Feb-2026 00:08:09,18.21,893500
01-Feb-2026 00:08:10,18.21,894000
01-Feb-2026 00:08:10,18.22,894500
01-Feb-2026 00:08:11,18.2,895000
01-Feb-2026 00:08:11,18.21,895500
01-Feb-2026 00:08:12,18.23,896000
01-Feb-2026 00:08:12,18.26,896500
01-Feb-2026 00:08:13,18.24,897000
01-Feb-2026 00:08:13,18.24,897500
01-Feb-2026 00:08:14,18.25,898000
01-Feb-2026 00:08:14,18.29,898500
01-Feb-2026 00:08:15,18.29,899000
01-Feb-2026 00:08:15,18.28,899500
